role,country
QA Engineer,Canada
QA Engineer,Uk
QA Engineer,Germany
QA Engineer,Netherlands
QA Engineer,Italy
QA Engineer,Africa
QA Engineer,France
QA Engineer,Sweden
QA Engineer,Switzerland
QA Engineer,Belgium
QA Engineer,Mexico
QA Engineer,Brazil
QA Engineer,Chile
QA Engineer,Uruguay
QA Engineer,Japan
QA Engineer,South Korea
QA Engineer,Singapore
QA Engineer,Malaysia
QA Engineer,Thailand
QA Engineer,Australia
QA Engineer,New Zealand
QA Engineer,South Africa
QA Engineer,Morocco
QA Engineer,Kenya
Product Manager,Canada
Product Manager,Uk
Product Manager,Germany
Product Manager,Netherlands
Product Manager,Italy
Product Manager,Africa
Product Manager,France
Product Manager,Sweden
Product Manager,Switzerland
Product Manager,Belgium
Product Manager,Mexico
Product Manager,Brazil
Product Manager,Chile
Product Manager,Uruguay
Product Manager,Japan
Product Manager,South Korea
Product Manager,Singapore
Product Manager,Malaysia
Product Manager,Thailand
Product Manager,Australia
Product Manager,New Zealand
Product Manager,South Africa
Product Manager,Morocco
Product Manager,Kenya
Software Engineer,Canada
Software Engineer,Uk
Software Engineer,Germany
Software Engineer,Netherlands
Software Engineer,Italy
Software Engineer,Africa
Software Engineer,France
Software Engineer,Sweden
Software Engineer,Switzerland
Software Engineer,Belgium
Software Engineer,Mexico
Software Engineer,Brazil
Software Engineer,Chile
Software Engineer,Uruguay
Software Engineer,Japan
Software Engineer,South Korea
Software Engineer,Singapore
Software Engineer,Malaysia
Software Engineer,Thailand
Software Engineer,Australia
Software Engineer,New Zealand
Software Engineer,South Africa
Software Engineer,Morocco
Software Engineer,Kenya
